{
  "project_info": {
    "project_number": "64613425335",
    "firebase_url": "https://piafirebaseproject-7924b.firebaseio.com",
    "project_id": "piafirebaseproject-7924b",
    "storage_bucket": "piafirebaseproject-7924b.appspot.com"
  },
  "client": [
    {
      "client_info": {
        "mobilesdk_app_id": "1:64613425335:android:14119bb50961bd6b45ad32",
        "android_client_info": {
          "package_name": "com.fcfm.poi.pia"
        }
      },
      "oauth_client": [
        {
          "client_id": "64613425335-7h3ekccosfkragmkn2nrq4t8ko6sfq0v.apps.googleusercontent.com",
          "client_type": 3
        }
      ],
      "api_key": [
        {
          "current_key": "AIzaSyDy9Oq4KwSMSQuivleI6kTzqxv9tvPHPvY"
        }
      ],
      "services": {
        "appinvite_service": {
          "other_platform_oauth_client": [
            {
              "client_id": "64613425335-7h3ekccosfkragmkn2nrq4t8ko6sfq0v.apps.googleusercontent.com",
              "client_type": 3
            }
          ]
        }
      }
    }
  ],
  "configuration_version": "1"
}